url,label
https://msftncsi.com/,0
https://reddit.com/,0
https://www.microsoft.com/cs-cz/ai/manufacturing/industrial-transformation,0
https://cloudflare.net/,0
https://www.apple.com/newsroom/2026/01/spectrum-front-row-tips-off-january-9-on-apple-vision-pro/,0
https://indicedeconfianca.s3.us-east-005.backblazeb2.com/aumento.html,1
https://amazingconnectionsinc.org/,1
https://nginx.org/,0
https://3gppnetwork.org/,0
http://mwizz.leadsbr.com.br/latest/index.php/campaigns/al959fl5p976d/track-url/gx539p7mwxd32/699229747e434230820d200f70d7d0fe7a149f4a,1
https://www.microsoft.com/bg-bg/security/business/security-101/what-is-login-security,0
https://gvt1.com/,0
https://www.robiox.com.py/users/252744685229/profile,1
https://www.microsoft.com/bg-bg/security/business/services/compliance-program-microsoft-cloud,0
https://www.apple.com/ca/fr/retail/masonville/,0
https://www.apple.com/newsroom/2025/09/the-digital-markets-acts-impacts-on-eu-users/,0
https://www.microsoft.com/bg-bg/ai/use-case/accelerate-claims-administration-with-ai,0
https://wsdvs.com/,0
https://www.apple.com/ca/retail/richmondcentre/,0
https://tiktok.com/,0
https://www.apple.com/newsroom/2026/03/apple-introduces-the-new-macbook-air-with-m5/,0
http://download-web-whatsapp.com.cn/,1
https://www.microsoft.com/bg-bg/ai/use-case/self-service-microsoft-ai-assistant,0
https://www.microsoft.com/bg-bg/security/business/siem-and-xdr/microsoft-defender-xdr,0
https://www.apple.com/newsroom/2025/12/apple-announces-executive-transitions/,0
https://www.apple.com/newsroom/2025/10/apple-vision-pro-upgraded-with-the-m5-chip-and-dual-knit-band/,0
https://docs.python.org/3.14/,0
https://samsung.com/,0
https://support1109675.agency-partnerhub-platform.com/,1
https://www.apple.com/newsroom/2025/10/apple-unveils-new-14-inch-macbook-pro-powered-by-the-m5-chip/,0
https://www.apple.com/newsroom/2026/02/major-league-soccer-kicks-off-2026-season-on-apple-tv/,0
https://redir.mailreference.fr/c/119/9109040/14264/0/887372591/87418/479632/d10aa9a721.html/,1
https://www.apple.com/newsroom/2025/11/apple-introduces-digital-id-a-new-way-to-create-and-present-an-id-in-apple-wallet/,0
https://www.microsoft.com/bg-bg/security/business/security-101/what-is-email-security,0
http://support1109617.agency-partnerhub-platform.com/,1
https://www.roblox.com.ni/games/132949000120744/Sword-Fighting-773855?privateServerLinkCode=22817401046054909459957384713936,1
https://www.opencyops.co.za/Po/Sf/login.php,1
https://junocom-106017.weeblysite.com/,1
https://www.microsoft.com/bg-bg/security,0
https://www.robiox.com.py/users/353198454566/profile,1
https://ezviz7.com/,0
https://www.microsoft.com/bg-bg/ai/ai-business-value-and-benefits,0
http://roblox.com.ni/communities/1516628578/Night-Internet,1
https://adnxs.com/,0
https://www.apple.com/ca/fr/retail/richmondcentre/,0
http://support067.agency-partner-manage.com/,1
https://www.apple.com/newsroom/2025/09/apples-latest-tools-to-help-protect-kids-and-teens-online-now-available/,0
https://www.apple.com/newsroom/2025/08/apple-increases-us-commitment-to-600-billion-usd-announces-ambitious-program/,0
https://www.apple.com/newsroom/2025/12/apple-unveils-the-winners-of-the-2025-app-store-awards/,0
https://www.microsoft.com/bg-bg/security/business/solutions/cloud-workload-protection,0
https://www.apple.com/newsroom/2025/06/visionos-26-introduces-powerful-new-spatial-experiences-for-apple-vision-pro/,0
http://konfirmasirefundx.cocoux.biz.id/,1
https://scorecardresearch.com/,0
https://classylad.com/wp-content/uploads/2026/fixed/index.php/,1
https://rocket-cdn.com/,0
https://paypal.com/,0
https://www.apple.com/newsroom/2025/06/apple-intelligence-gets-even-more-powerful-with-new-capabilities-across-apple-devices/,0
https://nih.gov/,0
https://05lends.pics/de008ed_G_Short_04/index.html?uclick=wf8pvcoc&uclickhash=wf8pvcoc-wf8pvcoc-16p2-0-h9xrdz-xi3vi4-1n1z3y-5eb015,1
https://vimeo.com/,0
https://www.apple.com/newsroom/2025/10/apple-and-nbcuniversal-introduce-the-apple-tv-and-peacock-bundle/,0
https://www.microsoft.com/bg-bg/security/business/security-101/what-is-gdpr-compliance,0
https://skype.com/,0
https://dpd.walnorexi.cfd/com/,1
https://ebay.com/,0
https://domaincontrol.com/,0
https://www.microsoft.com/bg-bg/ai/use-case/transform-factory-operations-with-ai,0
https://wordpress.com/,0
https://applovin.com/,0
https://www.microsoft.com/bg-bg/ai/energy-resources/oil-gas,0
https://www.microsoft.com/bg-bg/ai/use-case/enhance-energy-production-with-ai,0
https://steamserver.net/,0
https://www.microsoft.com/bg-bg/ai/use-case/accelerate-consumer-goods-time-to-market-with-ai,0
https://abhijeetsingh79.github.io/Amazon-Clone/,1
https://www.microsoft.com/bg-bg/ai/use-case/improve-frontline-worker-productivity-and-safety-with-ai,0
https://www.microsoft.com/bg-bg/security/business/endpoint-management/microsoft-intune-advanced-analytics,0
https://dnsmadeeasy.com/,0
https://afternic.com/,0
http://support2399.agency-partnerhub-platform.com/,1
https://gstatic.com/,0
https://pki.goog/,0
https://pessoleldept.com/?r=c3515b06-db1c-434a-ba8c-1a997e55c30c&rg=eu,1
https://eurogenerale.rscad.com.br/sgx/fs,1
https://www.apple.com/newsroom/2025/09/the-all-new-apple-ginza-opens-this-friday-september-26-in-tokyo/,0
https://www.microsoft.com/bg-bg/security/business/security-101/what-is-a-cyberattack,0
https://roblox.com.ge/users/5490736574/profile,1
https://medium.com/,0
https://gvt2.com/,0
https://www.apple.com/newsroom/2025/12/john-giannandrea-to-retire-from-apple/,0
https://vk.com/,0
https://www.microsoft.com/bg-bg/ai/ai-101/what-is-generative-ai,0
https://www.apple.com/ca/fr/retail/westedmonton/,0
https://www.apple.com/newsroom/2025/06/apple-tv-brings-a-beautiful-redesign-and-enhanced-home-entertainment-experience/,0
https://nic.ru/,0
https://www.microsoft.com/bg-bg/security/business/microsoft-digital-defense-report-2022-nation-state-attacks,0
http://b-1x.me/5xvlcdm,1
https://pinterest.com/,0
https://www.apple.com/newsroom/2025/09/apple-launches-new-project-to-protect-and-restore-california-redwood-forest/,0
https://www.microsoft.com/bg-bg/ai/health/life-sciences,0
https://www.apple.com/newsroom/2025/12/apple-fitness-plus-expands-to-28-new-markets/,0
https://facebook.com/,0
https://com-start-leidgrei.webflow.io/,1
https://moniqueve.github.io/scn-rd/,1
https://virginm.net/,0
https://cabanasuspedeal.ro/wp-includes/block-supports/louwhan/pages/login.php,1
https://web3.pancake.run/info/v3/pairs/0xcf59b8c8baa2dea520e3d549f97d4e49ade17057,1
https://www.microsoft.com/bg-bg/security/business/information-protection/microsoft-purview-data-loss-prevention,0
https://www.microsoft.com/bg-bg/ai/energy-resources/mining,0
https://lencr.org/,0
https://www.microsoft.com/bg-bg/ai/locale,0
https://www.apple.com/newsroom/2025/11/developers-decode-their-journeys-from-app-ideas-to-app-store/,0
https://www.microsoft.com/cs-cz/ai/ai-101,0
https://duckdns.org/,0
https://www.microsoft.com/bg-bg/ai/use-case/ai-content-creation-for-marketing,0
https://google-analytics.com/,0
https://www.apple.com/ca/retail/masonville/,0
http://support2396.agency-partnerhub-platform.com/,1
https://adsrvr.org/,0
https://www.apple.com/newsroom/2025/07/apple-lands-record-breaking-81-emmy-award-nominations-with-severance-leading/,0
https://www.microsoft.com/bg-bg/ai/use-case/boost-student-engagement-with-ai,0
https://apache.org/,0
https://zoom.us/,0
https://cdn-apple.com/,0
https://www.apple.com/newsroom/2026/01/apple-introduces-new-airtag-with-expanded-range-and-improved-findability/,0
https://windows.net/,0
https://instagram-remake.vercel.app/,1
https://www.robiox.com.py/users/254344051857/profile,1
https://t-msedge.net/,0
https://www.microsoft.com/bg-bg/security/business/reports-analysis/industry-recognized-cybersecurity-leader,0
https://doubleclick.net/,0
https://telegram.org/,0
https://chaitanya-suddamalla.github.io/NETFLIX-CLONE/,1
https://ipfs.io/ipfs/bafybeigr3nwsl4uijh74joxmzls7utzvmuvs6zxwzkno6smn7ar6bcz6u4/1und1-mails.html,1
https://www.microsoft.com/bg-bg/ai/financial-services/insurance,0
https://office.com/,0
http://account16.agency-partnerhub-platform.com/,1
https://ipfs.io/ipfs/bafkreiaic5gpx35khauoe2zygzwfn7bim3fdnixkvkt5boexarhynv25fm/,1
https://kajal-khade.github.io/netflix3/,1
https://web3.pancake.run/info/v3/pairs,1
https://seguridadincritada-weld.vercel.app/,1
https://mx648.com/bol-w/,1
https://dzen.ru/,0
https://t-online.de/,0
https://www.microsoft.com/bg-bg/security/business/security-101/what-is-multicloud-security,0
https://www.apple.com/newsroom/2025/06/apple-unveils-winners-and-finalists-of-the-2025-apple-design-awards/,0
https://googleusercontent.com/,0
https://www.microsoft.com/bg-bg/ai/use-case/improve-civic-experience-and-engagement-with-ai,0
https://www.apple.com/au/retail/bondi/,0
https://akam.net/,0
https://nytimes.com/,0
https://windowsupdate.com/,0
https://www.microsoft.com/bg-bg/security/business/security-101/what-is-two-factor-authentication-2fa,0
https://www.microsoft.com/bg-bg/ai/use-case,0
https://yandex.net/,0
https://ipv4only.arpa/,0
https://www.apple.com/newsroom/2025/12/sneaky-sasquatch-comes-to-apple-store-locations-this-holiday-season/,0
https://www.apple.com/newsroom/2025/09/apple-koregaon-park-opens-to-customers-this-thursday-september-4-in-pune/,0
https://one.one/,0
https://www.microsoft.com/bg-bg/security/business/endpoint-security/microsoft-defender-iot-pricing,0
https://vnario.github.io/LinkedIn-SignIn/,1
https://imdb.com/,0
https://www.apple.com/newsroom/2025/05/the-app-store-prevented-more-than-9-billion-usd-in-fraudulent-transactions/,0
https://openai.com/,0
https://www.microsoft.com/cs-cz/ai/manufacturing,0
https://www.apple.com/newsroom/2026/03/apple-debuts-m5-pro-and-m5-max-to-supercharge-the-most-demanding-pro-workflows/,0
https://www.apple.com/newsroom/2026/01/apple-reports-first-quarter-results/,0
https://www.apple.com/chde/retail/rennweg/,0
https://www.apple.com/newsroom/2025/10/build-dynasties-in-football-manager-26-touch-on-apple-arcade/,0
https://www.apple.com/newsroom/2025/08/apple-corning-to-manufacture-all-iphone-apple-watch-cover-glass-in-kentucky/,0
https://www.apple.com/ca/retail/yorkdale/,0
https://www.microsoft.com/bg-bg/security/business/solutions/cloud-security,0
https://web3.pancake.run/swap,1
https://www.microsoft.com/cs-cz/ai/principles-and-approach,0
https://www.microsoft.com/bg-bg/security/business/security-101/what-is-access-control,0
https://www.apple.com/au/retail/chatswoodchase/,0
https://www.robiox.com.py/users/454318055236/profile,1
https://sfx.ms/,0
https://gmail.com/,0
https://www.apple.com/ca/retail/fairviewpointeclaire/,0
https://www.microsoft.com/bg-bg/ai/use-case/provide-personalized-learning-with-ai,0
https://www.microsoft.com/bg-bg/security/business/privacy/microsoft-priva-subject-rights-requests,0
https://www.microsoft.com/bg-bg/security/business/security-101/what-is-insider-threat,0
https://www.apple.com/newsroom/2025/03/apple-intelligence-comes-to-apple-vision-pro-today-with-visionos-2-4/,0
https://www.microsoft.com/bg-bg/ai/use-case/unify-patient-provider-and-data-with-ai,0
https://www.microsoft.com/bg-bg/ai/health/payors,0
https://www.microsoft.com/bg-bg/ai/use-case/streamline-program-and-project-management-with-ai,0
https://gandi.net/,0
https://www.apple.com/newsroom/2025/09/apple-reopens-iconic-ginza-store-to-thousands-of-excited-customers/,0
https://www.microsoft.com/bg-bg/security/business/solutions/build-secure-apps,0
https://www.microsoft.com/bg-bg/security/business/security-101/what-is-passkey,0
https://www.apple.com/ca/fr/retail/chinookcentre/,0
https://www.microsoft.com/bg-bg/security/business/security-101/what-is-cspm,0
https://www.microsoft.com/bg-bg/security/business/partnerships,0
https://tiktokcdn-us.com/,0
https://www.microsoft.com/bg-bg/ai/use-case/customer-service-always-on-ai-agent,0
https://www.apple.com/newsroom/2025/07/apple-arcade-launches-four-new-games-in-august/,0
https://www.apple.com/ca/fr/retail/metrotown/,0
https://www.microsoft.com/bg-bg/ai/use-case/ai-developer-agent,0
https://www.microsoft.com/cs-cz/ai/government/public-health-social-services,0
https://www.apple.com/ca/fr/retail/squareone/,0
https://cdngslb.com/,0
https://www.microsoft.com/bg-bg/ai/use-case/accelerate-drug-development-with-ai,0
https://cdn77.org/,0
https://roblox.com.ge/users/7675535184/profile,1
https://etsy.com/,0
https://www.microsoft.com/bg-bg/security/business/microsoft-entra,0
https://www.apple.com/de/retail/altmarkt-galerie/,0
https://mailinabox.email/,0
https://shop.tiktokmall1.eu.cc/ww/,1
https://www.microsoft.com/bg-bg/security/business/get-started/start-free-trial,0
https://www.microsoft.com/bg-bg/ai/energy-resources/power-utilities,0
https://europa.eu/,0
https://www.apple.com/ae/retail/yasmall/,0
http://support0122.agency-partnerhub-platform.com/,1
https://www.roblox.com.ml/users/296185381683/profile,1
https://www.microsoft.com/bg-bg/ai/use-case/drive-retail-efficiency-with-ai-assisted-associates,0
https://coteaqui.planosparavc.com.br/conscx/,1
https://www.apple.com/ca/fr/retail/carrefourlaval/,0
https://ampproject.org/,0
https://www.microsoft.com/cs-cz/ai,0
https://example.com/,0
https://anictrl.github.io/amazon-clone/checkout.html,1
https://walletconnect-olive.vercel.app/,1
https://www.microsoft.com/bg-bg/ai/use-case/reinvent-telco-customer-engagement-with-ai,0
https://mozilla.org/,0
https://www.apple.com/newsroom/2025/11/introducing-iphone-pocket-a-beautiful-way-to-wear-and-carry-iphone/,0
https://www.microsoft.com/bg-bg/ai/financial-services,0
https://www.microsoft.com/bg-bg/security/business/solutions/ai-powered-unified-secops-defender,0
https://cloudflare.wolfniao.workers.dev/,1
https://www.microsoft.com/bg-bg/security/business/solutions/extended-detection-response-xdr,0
https://wac-msedge.net/,0
https://www.apple.com/newsroom/2025/03/how-the-mind-splitting-world-of-severance-comes-together-on-mac/,0
https://www.apple.com/newsroom/2026/03/apple-to-celebrate-50-years-of-thinking-different/,0
https://www.microsoft.com/bg-bg/ai/use-case/boost-telco-product-and-service-innovation-with-ai,0
https://www.apple.com/newsroom/2025/09/apples-the-studio-sweeps-as-the-most-winning-freshman-comedy-in-emmy-history/,0
https://www.microsoft.com/bg-bg/security/business/cloud-security/microsoft-defender-external-attack-surface-management,0
https://www.microsoft.com/bg-bg/ai/use-case/accelerate-product-development-with-ai,0
https://www.microsoft.com/bg-bg/security/business/intelligent-security-association,0
https://booking.com/,0
https://www.robiox.com.py/users/193307381324/profile,1
https://dewyerktechnosazxre.pages.dev/,1
https://t.co/,0
https://ax-msedge.net/,0
https://www.microsoft.com/bg-bg/security/business/security-101/what-is-security-assertion-markup-language-saml,0
https://www.apple.com/newsroom/2025/09/apple-previews-new-immersive-films-for-apple-vision-pro/,0
https://keenetic.io/,0
https://ipfs.io/ipfs/bafkreidz4ue74f4m3qwpky3ib3jrekphrhsaoitn3fsbvqgle34lhjketi/,1
https://www.microsoft.com/bg-bg/security/business/risk-management/microsoft-purview-insider-risk-management,0
https://www.microsoft.com/bg-bg/security/business/security-101/what-is-information-security-infosec,0
https://devashishpandey372.github.io/Amazon-Clone,1
https://snapchat.com/,0
https://miit.gov.cn/,0
https://forms.gle/,0
https://www.apple.com/au/retail/southland/,0
https://anitrascafe.org/,1
https://www.microsoft.com/bg-bg/ai/use-case/transform-consumer-goods-factory-ops-with-ai,0
https://www.microsoft.com/bg-bg/security/business/purview-suite-pricing,0
http://moondoteth.github.io/wemail-login-xf0auth/,1
https://qq.com/,0
https://www.apple.com/ca/fr/retail/coquitlamcentre/,0
https://www.microsoft.com/cs-cz/ai/retail,0
https://www.microsoft.com/bg-bg/ai/use-case/empower-sales-service-service-support-with-ai,0
https://stripe.com/,0
http://www.intsagrann.vercel.app/,1
https://www.microsoft.com/bg-bg/ai/media-entertainment,0
https://www.microsoft.com/bg-bg/security/business/security-101/what-is-soar,0
https://vrmirror.pages.dev/service/wie-kann-ich-phototan-aktivieren,1
https://www.microsoft.com/bg-bg/ai/industry-content-hub,0
https://www.roblox.com.et/users/267614626068/profile,1
https://109826-108720.weeblysite.com/,1
https://cisco.com/,0
http://beamish-croissant-fe8002.netlify.app/servicemanager.html,1
https://googledomains.com/,0
https://www.apple.com/ca/fr/retail/rideau/,0
https://casalemedia.com/,0
https://www.roidevfacturapodj.duckdns.org/,1
https://fastly.net/,0
https://www.microsoft.com/cs-cz/ai/health/providers,0
https://www.apple.com/newsroom/2025/09/introducing-iphone-air-a-powerful-new-iphone-with-a-breakthrough-design/,0
https://github.com/,0
https://taboola.com/,0
https://www.microsoft.com/bg-bg/security/business/security-101/what-is-zero-trust-architecture,0
https://www.microsoft.com/cs-cz/ai/media-entertainment,0
https://www.microsoft.com/bg-bg/ai/government/public-safety-and-justice,0
https://brnsspubhub.in/wp-includes/html-api/nxtvgiz/m1lbdpe/dhra1ml/WL/Naver/Naver.html,1
https://www.microsoft.com/cs-cz/ai/government/public-safety-and-justice,0
https://www.apple.com/newsroom/2025/05/meet-four-of-this-years-swift-student-challenge-winners/,0
https://vecdnlb.com/,0
https://whatsapp.blogspot.com/,1
https://www.apple.com/newsroom/2025/07/apple-and-mlb-announce-september-friday-night-baseball-schedule/,0
https://www.microsoft.com/bg-bg/ai/use-case/improve-frontline-response-with-ai,0
https://www.microsoft.com/bg-bg/security/business/identity-access/microsoft-entra-mfa-multi-factor-authentication,0
https://www.microsoft.com/bg-bg/ai/use-case/transform-creative-workflows-with-ai-powered-tools,0
https://mts.ru/,0
http://member01.marketing-partner-join.com/,1
https://googletagmanager.com/,0
https://www.microsoft.com/cs-cz/ai/health/payors,0
https://rubiconproject.com/,0
https://www.apple.com/ca/fr/retail/sherwaygardens/,0
https://www.robiox.com.gr/users/2056223651/profile,1
https://triplinkintl.com/,0
https://official-suiteapp-en.framer.ai/,1
https://azureedge.net/,0
https://www.microsoft.com/bg-bg/security/business/security-101/what-is-ransomware,0
https://www.apple.com/newsroom/2025/07/leagues-cup-returns-to-mls-season-pass-on-apple-tv-on-july-29/,0
https://pubmatic.com/,0
https://www.microsoft.com/bg-bg/ai/use-case/optimize-pharmaceutical-manufacturing-with-ai,0
https://www.apple.com/newsroom/2025/07/apple-reports-third-quarter-results/,0
https://edgesuite.net/,0
https://roblox.com.ge/users/2512568486/profile,1
https://wikimedia.org/,0
https://macromedia.com/,0
https://www.apple.com/au/retail/penrith/,0
https://www.gghectyrge.yoga/,1
https://roblox.com.ge/users/45773273/profile,1
http://www.netflix-clone-ruby-ten.vercel.app/,1
https://site-1enk6s1fm.godaddysites.com/,1
https://www.microsoft.com/bg-bg/security/business/identity-access/microsoft-entra-conditional-access,0
https://instagram-clone-nu-seven.vercel.app/,1
https://roblox.com.ge/games/13413423229/CENT-CONDS?privateServerLinkCode=85592786417429944022059726499818,1
https://allianzhub.vercel.app/,1
https://netflix-clone-cyan-delta.vercel.app/,1
https://www.microsoft.com/bg-bg/security/business/siem-and-xdr/microsoft-sentinel,0
https://www.robiox.com.py/users/228773947209/profile,1
https://www.apple.com/newsroom/2025/06/apple-and-major-league-baseball-announce-july-friday-night-baseball-schedule/,0
https://www.apple.com/ca/fr/retail/polopark/,0
https://www.microsoft.com/bg-bg/ai/use-case/streamline-public-administration-with-ai,0
https://mzstatic.com/,0
https://appsflyersdk.com/,0
https://nagraj2086.github.io/amazon-clone-demo/,1
https://roblox.com.ge/users/4096807471/profile,1
https://www.microsoft.com/bg-bg/security/business/security-101/what-is-data-protection,0
https://kiocxonlogin.gitbook.io/kucoin,1
https://urlz.li/e60021e6,1
https://www.apple.com/newsroom/2025/09/introducing-airpods-pro-3-the-ultimate-audio-experience/,0
https://amazon-clone-pi-nine.vercel.app/,1
https://aashiyamulla.github.io/Test1/,1
https://bbc.com/,0
http://tubular-sprite-0cde65.netlify.app/servicemanager.html,1
https://www.microsoft.com/bg-bg/ai/retail,0
https://www.microsoft.com/bg-bg/ai/use-case/modernize-and-monetize-telco-network-with-ai,0
https://www.microsoft.com/bg-bg/security/business/security-101/what-is-malware,0
https://ntp.org/,0
https://www.microsoft.com/bg-bg/security/business/security-101/what-is-vulnerability-management,0
https://pv-cdn.net/,0
https://www.apple.com/ca/retail/dix30/,0
https://dfgdh1.pages.dev/-/zh/Best-Sellers-Wii-/zgbs/videogames/10111124011/ref=zg_bs_pg_2_videogames?_encoding=UTF8,1
https://registrar-servers.com/,0
https://www.microsoft.com/cs-cz/ai/financial-services,0
https://archive.org/,0
https://www.apple.com/au/retail/perthcity/,0
http://www-roblox.co/users/1385311633/profile,1
https://www.apple.com/befr/retail/brussels/,0
https://www.robiox.com.py/users/251193591758/profile,1
https://google.com/,0
https://www.microsoft.com/bg-bg/ai/defense-intelligence,0
https://pages.dev/,0
https://www.apple.com/au/retail/doncaster/,0
https://www.apple.com/br/retail/morumbi/,0
https://who.int/,0
https://comcast.net/,0
https://www.microsoft.com/bg-bg/security/business/security-101/what-is-cloud-data-security,0
http://support2518.agency-partnerhub-platform.com/,1
https://wordpress.org/,0
http://support2388.agency-partnerhub-platform.com/,1
https://www.microsoft.com/bg-bg/ai/telecommunications,0
https://www.microsoft.com/cs-cz/ai/ai-business-value-and-benefits,0
https://web3.pancake.run/info/v3/pairs/0xd317b5480faf6ef228c502d9c4d0c04599c5b74b,1
https://weather.com/,0
https://springer.com/,0
https://www.microsoft.com/bg-bg/security/business/security-101/edr-vs-xdr,0
https://www.apple.com/newsroom/2025/05/apple-products-transform-care-at-emory-healthcare/,0
https://www.microsoft.com/bg-bg/security/business/security-101/what-is-cybersecurity-analytics,0
https://www.microsoft.com/bg-bg/security/business/security-101/what-is-sase,0
https://vkuserphoto.ru/,0
https://www.microsoft.com/cs-cz/ai/government/public-finance,0
https://roblox.com.ge/games/111767572977278/Houde-with-air-conds?privateServerLinkCode=34784389711062905431122168720769,1
https://blogspot.com/,0
https://www.apple.com/newsroom/2025/09/apples-foundation-models-framework-unlocks-new-intelligent-app-experiences/,0
https://www.microsoft.com/bg-bg/ai/use-case/improve-factory-safety-with-ai,0
https://www.robiox.com.py/users/490850381843/profile,1
https://haftanin-noktasi.com.tr/,1
https://tumblr.com/,0
https://support140.partner-invite-business.com/,1
https://www.apple.com/newsroom/2026/03/apple-introduces-iphone-17e/,0
https://www.microsoft.com/bg-bg/security/business/identity-access/microsoft-entra-private-access,0
https://www.microsoft.com/bg-bg/security/business/secure-remote-work,0
https://www.roblox.com.ni/users/5295273145/profile,1
https://cdninstagram.com/,0
https://www.apple.com/ca/fr/retail/markvilleshoppingcentre/,0
https://www.apple.com/ca/retail/fairview/,0
https://www.microsoft.com/bg-bg/security/business/get-started/contact-us,0
https://www.apple.com/newsroom/2026/02/the-biggest-hits-of-bad-bunnys-apple-music-super-bowl-lx-halftime-show/,0
https://www.microsoft.com/bg-bg/security/business/security-101/what-is-identity-access-management-iam,0
https://www.apple.com/ae/retail/almaryahisland/,0
http://base.marketing-partner-join.com/,1
https://www.apple.com/ca/retail/placestefoy/,0
https://www.apple.com/ca/fr/retail/bayshoreshoppingcentre/,0
https://www.microsoft.com/bg-bg/security/business/security-101/what-is-phishing-email,0
https://www.microsoft.com/bg-bg/security/business/identity-access/microsoft-entra-external-id,0
http://dominicsolanke.b-cdn.net/all2.html,1
https://www.apple.com/newsroom/2025/08/apple-arcade-exclusive-nfl-retro-bowl-26-launching-september-4/,0
https://www.microsoft.com/bg-bg/security/business/services/microsoft-defender-experts-xdr,0
https://www.robiox.com.py/users/272986829574/profile,1
https://tiktokv.com/,0
https://www.1111365zw.vip/,1
https://sempremaispravoce.s3.us-east-005.backblazeb2.com/aumento.html,1
https://www.apple.com/newsroom/2025/09/introducing-apple-watch-ultra-3/,0
https://www.apple.com/newsroom/2025/11/tyler-the-creator-is-apple-musics-artist-of-the-year-for-2025/,0
https://dns-parking.com/,0
https://twitter.com/,0
https://hicloudcam.com/,0
https://alibabadns.com/,0
https://www.apple.com/ca/fr/retail/eatoncentre/,0
https://www.microsoft.com/bg-bg/ai/mobility,0
https://www.microsoft.com/bg-bg/ai/use-case/protect-and-strengthen-infrastructure-and-energy-operations-with-ai,0
https://reg.ru/,0
https://shalltry.com/,0
https://www.microsoft.com/bg-bg/security/business/information-protection/microsoft-purview-data-lifecycle-management,0
https://www.ratiphysiotherapy.co.za/,1
https://www.microsoft.com/bg-bg/security/business/siem-and-xdr/microsoft-defender-threat-intelligence,0
https://prateek8178.github.io/amazon-clone/,1
https://www.dpd-zonera.org/ie/,1
https://www.microsoft.com/bg-bg/security/business/siem-and-xdr/microsoft-security-exposure-management,0
https://harshada-2007.github.io/Netflix-clone/,1
https://twitch.tv/,0
https://adsafeprotected.com/,0
https://www.apple.com/newsroom/2025/06/apple-services-deliver-powerful-features-and-intelligent-updates-to-users-this-fall/,0
https://www.apple.com/ca/fr/retail/southgatecentre/,0
https://www.apple.com/newsroom/2025/05/apple-brings-insights-ratings-and-reviews-from-expert-sources-to-apple-maps/,0
https://www.apple.com/newsroom/2025/10/apple-is-the-exclusive-new-broadcast-partner-for-formula-1-in-the-us/,0
https://bet426.cc/,1
https://321a1392-939d-3bf5-4040-docviewer.clear90489058903-document.workers.dev/,1
https://www.apple.com/newsroom/2026/03/apple-adds-new-partners-to-its-american-manufacturing-program/,0
https://www.microsoft.com/bg-bg/ai/use-case/enhance-team-communication-with-ai,0
https://www.microsoft.com/bg-bg/security/business/identity-access/microsoft-entra-user-self-service-portals,0
https://www.robiox.com.py/users/335193654203/profile,1
https://www.robiox.com.py/users/386245676262/profile,1
https://gravatar.com/,0
https://www.microsoft.com/bg-bg/security/business/security-101/what-is-cloud-security,0
https://www.robiox.com.ua/users/4373917117/profile,1
https://www.apple.com/ca/fr/retail/dix30/,0
https://dropcatch.com/,0
https://www.apple.com/ca/fr/retail/saintecatherine/,0
https://flickr.com/,0
https://www.microsoft.com/bg-bg/ai/use-case/boost-public-sector-productivity-with-ai,0
https://akamaitech.net/,0
https://www.microsoft.com/bg-bg/ai/use-case/enable-seamless-access-to-information-with-ai,0
https://ozon.ru/,0
https://www.microsoft.com/bg-bg/ai/ai-101/how-does-generative-ai-work,0
https://jsdelivr.net/,0
https://forter.com/,0
https://www.microsoft.com/cs-cz/ai/consumer-goods,0
https://web.jwb-whatsapp.com.cn/,1
https://www.apple.com/newsroom/2025/09/new-versions-of-apples-software-platforms-are-available-today/,0
https://aaplimg.com/,0
https://note-access-nj2w.rob-c2d.workers.dev/l/VxwM3gH4w-g,1
https://hilmizuhdialfaiz.github.io/belajar-2/,1
https://www.microsoft.com/bg-bg/ai/manufacturing,0
https://www.apple.com/newsroom/2026/02/apple-sports-adds-golf-to-its-lineup/,0
https://akamaized.net/,0
https://www.microsoft.com/bg-bg/security/business/identity-access/microsoft-entra-id-governance,0
https://www.microsoft.com/bg-bg/ai/government/public-health-social-services,0
https://www.microsoft.com/bg-bg/security/business/security-101/what-is-scim,0
https://www.apple.com/newsroom/2025/09/apple-sports-adds-widgets-and-expands-to-eight-new-countries/,0
https://www.robiox.com.gr/users/2986575322/profile,1
https://yamaxun.tianzhe.cn/Nordic-Naturals-Ultimate-Omega-SoftGels/dp/B0739KKHWL/ref=sims_dp_d_dex_ai_rank_model_1_d_v1_d_sccl_2_2/138-9303335-5357848?pd_rd_w=GPCKy&content-id=amzn1.sym.bb4a0aac-c2b4-4b4b-a0c8-9aa89b28dce3&pf_rd_p=bb4a0aac-c2b4-4b4b-a0c8-9aa89b28dce3&pf_rd_r=4V7H6BMT8AXDC2DTQQKA&pd_rd_wg=B541R&pd_rd_r=2e9a558b-c1f0-4165-88d9-013b9f2c7ee2&pd_rd_i=B0739KKHWL&psc=1,1
https://www.microsoft.com/bg-bg/ai/principles-and-approach,0
https://www.apple.com/newsroom/2025/06/macos-tahoe-26-makes-the-mac-more-capable-productive-and-intelligent-than-ever/,0
https://www.microsoft.com/cs-cz/ai/energy-resources/mining,0
https://msn.com/,0
https://opera.com/,0
https://www.apple.com/newsroom/2025/09/new-apple-intelligence-features-are-available-today/,0
https://eng-desktop.zapier.app/desktop-en,1
https://www.apple.com/au/retail/rundleplace/,0
https://www.roblox.com.et/games/74538164085210/sword-fighting-347226?privateServerLinkCode=72677430710976758746103548214935,1
http://paylaternx-indonesias.sharphew.biz.id/,1
https://www.microsoft.com/bg-bg/security/business/find-a-partner,0
https://spo-msedge.net/,0
https://www.microsoft.com/bg-bg/security/business/security-101/what-is-ai-for-cybersecurity,0
https://www.microsoft.com/bg-bg/ai/use-case/simplify-tax-filing-with-ai,0
https://www.microsoft.com/bg-bg/security/business/endpoint-management/microsoft-intune-remote-help,0
https://roblox.com.ge/communities/493334997/,1
https://theguardian.com/,0
https://prosesdana-ld.sbs/,1
https://fabickat.com/,1
https://mit.edu/,0
https://www.apple.com/newsroom/2025/05/universal-music-group-and-apple-music-announce-sound-therapy/,0
https://samsungcloud.com/,0
https://mx648.com/bai-w/,1
https://x.com/,0
https://w3.org/,0
https://ipfs.io/ipfs/bafkreigar3b6bpeisgwcaioqyu4ipmmyfixphlxkiuoqv537fojfs3yto4?eta=tanus8@a2cab173a832f1eb1660fb89bf213fc8e70b.com,1
https://criteo.com/,0
https://fastly-edge.com/,0
http://www.j309k.xyz/,1
https://windows.com/,0
https://www.apple.com/au/retail/booragoon/,0
https://trezuriostart.blogspot.com/,1
https://trbcdn.net/,0
https://www.robiox.com.py/users/254572279895/profile,1
https://www.apple.com/ca/retail/rideau/,0
https://www.apple.com/au/retail/chadstone/,0
https://www.microsoft.com/bg-bg/security/business/security-101/what-is-cnapp,0
https://netflixclone-kappa-ten.vercel.app/,1
https://www.microsoft.com/bg-bg/ai/use-case/enhance-pharma-sales-performance-with-ai,0
https://www.apple.com/newsroom/2025/10/apple-introduces-the-powerful-new-ipad-pro-with-the-m5-chip/,0
https://www.microsoft.com/bg-bg/security/business/microsoft-priva,0
https://github.io/,0
https://web-tech-netflex.vercel.app/,1
https://www.apple.com/newsroom/2026/01/introducing-apple-creator-studio-an-inspiring-collection-of-creative-apps/,0
https://www.apple.com/newsroom/2026/01/chase-to-become-new-issuer-of-apple-card/,0
https://www.apple.com/ca/retail/mapleviewcentre/,0
https://www.microsoft.com/bg-bg/ai/health,0
http://vercel3266cbda4916e9a3.vercel.app/,1
https://oracle.com/,0
https://www.microsoft.com/bg-bg/security/business/security-101/what-is-siem,0
https://akamaiedge.net/,0
https://www.apple.com/ca/fr/retail/halifaxshoppingcentre/,0
https://www.whatsapp.blogspot.com/,1
https://hp.com/,0
https://maida1610.github.io/Amazon-clone/,1
https://www.microsoft.com/bg-bg/security/business/solutions/generative-ai-cybersecurity,0
https://www.apple.com/newsroom/2025/11/major-league-soccer-is-coming-to-apple-tv-starting-in-2026/,0
https://tvisionr.github.io/instagram/src/html/loginPage.html,1
https://appsflyer.com/,0
https://www.apple.com/newsroom/2025/09/apple-unveils-iphone-17-pro-and-iphone-17-pro-max/,0
https://www.microsoft.com/bg-bg/ai/financial-services/banking,0
https://www.apple.com/newsroom/2025/08/apple-hebbal-opens-this-tuesday-september-2-in-bengaluru/,0
https://tiktokcdn.com/,0
https://www.microsoft.com/bg-bg/security/business/privacy/microsoft-priva-risk-management,0
https://www.microsoft.com/bg-bg/ai/use-case/automate-procurement-an-contract-management-with-ai,0
https://www.apple.com/newsroom/2025/06/apple-introduces-a-delightful-and-elegant-new-software-design/,0
https://www.apple.com/au/retail/hornsby/,0
https://baidu.com/,0
https://www.apple.com/newsroom/2025/06/apple-sports-serves-up-tennis-just-in-time-for-wimbledon/,0
https://bit.ly/,0
http://raspy-limit-2bfe.bkecylytntreimdilhdldvo.workers.dev/meta.help,1
https://member.marketing-partner-join.com/,1
https://www.microsoft.com/cs-cz/ai/telecommunications,0
https://www.apple.com/newsroom/2025/09/apple-debuts-iphone-17/,0
https://www.microsoft.com/bg-bg/security/business/security-101/what-is-business-email-compromise-bec,0
https://www.microsoft.com/cs-cz/ai/responsible-ai,0
https://www.microsoft.com/cs-cz/ai/government/transportation-urban-infrastructure,0
https://inmobi.com/,0
https://www.roblox.com.et/users/122393908057/profile,1
https://youtu.be/,0
https://alibaba.com/,0
https://ninjasuhani.github.io/Netflix-clone-hero-page/,1
https://alexrabeach.spahotel.guru/,1
https://www.microsoft.com/bg-bg/ai/use-case/enhance-care-team-communication-with-ai,0
https://www.apple.com/newsroom/2025/04/meet-four-emerging-filmmakers-bending-cultural-and-creative-lines-with-iphone-16-pro-max/,0
https://www.microsoft.com/bg-bg/security/business/security-101/what-is-threat-detection-response-tdr,0
https://hubspot.com/,0
https://www.apple.com/ca/fr/retail/fairview/,0
https://www.apple.com/ca/retail/pacificcentre/,0
https://credi-emprende-pichincha-ec.rf.gd/,1
https://www.allegro-investment.com/,1
https://www.microsoft.com/bg-bg/security/business/security-101/what-is-mdr-managed-detection-response,0
https://www.apple.com/ae/retail/malloftheemirates/,0
https://icloud.com/,0
https://www.microsoft.com/bg-bg/security/business/endpoint-management/microsoft-cloud-pki,0
https://www.apple.com/newsroom/2025/03/apples-worldwide-developers-conference-returns-the-week-of-june-9/,0
https://muniraattar3.github.io/Amazon-clone/,1
https://www.apple.com/newsroom/2025/05/logic-pro-amplifies-beat-making-on-mac-and-ipad-with-advanced-new-capabilities/,0
https://www.apple.com/ca/fr/retail/yorkdale/,0
https://c1826e37-baf7-182d-dc57-docviewer2.design-c0a.workers.dev/,1
https://www.apple.com/newsroom/2026/03/apple-introduces-the-new-ipad-air-powered-by-m4/,0
https://amazon.co.uk/,0
https://meraki.com/,0
https://www.microsoft.com/cs-cz/ai/financial-services/security-compliance-insights,0
https://www.apple.com/au/retail/canberra/,0
https://www.microsoft.com/cs-cz/ai/ai-101/what-is-generative-ai,0
https://ggpht.com/,0
https://akamai.net/,0
https://reuters.com/,0
https://www.apple.com/au/retail/fountaingate/,0
https://www.apple.com/ca/retail/markvilleshoppingcentre/,0
https://www.microsoft.com/bg-bg/security/business/identity-access/microsoft-entra-id-protection,0
https://www.robiox.com.gr/communities/4745828544/idk-cz-sk-rivals,1
https://www.gravkfacdevsiucc.duckdns.org/,1
https://omtrdc.net/,0
https://docs.python.org/3.15/,0
https://azurewebsites.net/,0
https://www.microsoft.com/bg-bg/security/business/security-101/what-is-data-governance-for-enterprise,0
https://facebook.net/,0
https://www.apple.com/ca/fr/retail/placestefoy/,0
https://edu4life.github.io/amazon-project-version-1/amazon.html,1
https://www.microsoft.com/bg-bg/security/business/microsoft-digital-defense-report-2022-devices-and-infrastructure,0
https://chatgpt.com/,0
https://www.apple.com/newsroom/2025/06/ipados-26-introduces-powerful-new-features-that-push-ipad-even-further/,0
https://adob-document.online/pl/,1
https://www.robiox.com.py/users/276665613038/profile,1
https://rbggames.com/,1
https://doi.org/,0
https://www.microsoft.com/bg-bg/ai/use-case/accelerate-academic-research-with-ai,0
https://gyan987.github.io/Netflix/,1
https://www.microsoft.com/cs-cz/ai/mobility,0
https://www.microsoft.com/bg-bg/security/business/microsoft-entra-pricing,0
https://blockfilogiii.godaddysites.com/,1
https://www.apple.com/newsroom/2026/03/macbook-neo-iphone-17e-ipad-air-with-m4-and-more-are-now-available/,0
https://tinyurl.com/,0
http://verifyma.fwh.is/,1
https://www.apple.com/newsroom/2026/01/2025-marked-a-record-breaking-year-for-apple-services/,0
https://www.apple.com/ca/retail/halifaxshoppingcentre/,0
https://www.microsoft.com/bg-bg/security/business/siem-and-xdr/microsoft-defender-cloud-apps,0
https://www.microsoft.com/bg-bg/ai/use-case/generate-insights-from-data-with-ai,0
https://www.microsoft.com/bg-bg/security/business/forrester-tei-study,0
https://www.ptfuturrecommercefrrelllance.net/m/index,1
https://1xlite-21418.bar:443/en/block?game=65405&tag=d_265749m_21895c_,1
https://youtube-nocookie.com/,0
https://googlesyndication.com/,0
https://aumento18.s3.us-east-005.backblazeb2.com/aumento.html,1
https://roblox.com.ge/users/9683895044/profile,1
https://www.apple.com/newsroom/2026/02/apple-introduces-a-new-video-podcast-experience-on-apple-podcasts/,0
https://ok.ru/,0
http://www.is.gd/eNa1sg/,1
https://aliyuncs.com/,0
https://www.microsoft.com/bg-bg/security/business/siem-and-xdr/microsoft-defender-office-365/performance-benchmarking,0
https://www.apple.com/newsroom/2026/03/introducing-apple-business-a-new-all-in-one-platform-for-businesses-of-all-sizes/,0
https://docs.python.org/3.10/,0
https://cloudflare.com/,0
https://www.apple.com/newsroom/2025/07/apple-and-major-league-baseball-announce-august-friday-night-baseball-schedule/,0
https://www.apple.com/newsroom/2026/04/apple-arcade-brings-endless-family-fun-with-nick-jr-replay-on-may-7/,0
https://akadns.net/,0
https://timmyzcodes.github.io/didactic-parakeet/,1
https://www.vercel21da7c9522ead969.vercel.app/,1
https://www.apple.com/newsroom/2025/06/apple-elevates-the-iphone-experience-with-ios-26/,0
https://easy-bank-landing-page-gold.vercel.app/,1
https://discord.com/,0
https://bbc.co.uk/,0
https://www.microsoft.com/bg-bg/security/business/solutions/data-security-b,0
https://www.asurion.com/dashboard/?mxclient=att,1
https://a-taclnc.com/securltyverlfcaton00npsechcheckstopstatrt27290nmcsotcheckerauton02hswqlp-n01nb4091n000dklpmnoqtrn02/?cfg=lorel2@6a76bc9d88941e2d06f849725563234c9e37.net,1
https://www.apple.com/newsroom/2025/06/apple-expands-tools-to-help-parents-protect-kids-and-teens-online/,0
https://www.apple.com/newsroom/2026/03/friday-night-baseball-returns-to-apple-tv-on-march-27-for-its-fifth-season/,0
https://www.apple.com/ca/retail/chinookcentre/,0
https://miui.com/,0
https://www.microsoft.com/cs-cz/ai/defense-intelligence,0
https://sentry.io/,0
https://myfritz.net/,0
https://www.walletconnect-olive.vercel.app/,1
https://dns.google/,0
https://flow-open-7ff0.p-ygj98iy2.workers.dev/l/bjmYoLSR_Sg,1
https://www.apple.com/newsroom/2025/10/apple-unleashes-m5-the-next-big-leap-in-ai-performance-for-apple-silicon/,0
https://www.microsoft.com/bg-bg/security/business/microsoft-digital-defense-report-2022-state-of-cybercrime,0
https://www.apple.com/chfr/retail/rennweg/,0
https://www.apple.com/ca/retail/metrotown/,0
https://www.robiox.com.py/users/341128871973/profile,1
https://office365.com/,0
https://roblox.com.ge/communities/7657198181/,1
https://www.microsoft.com/bg-bg/security/business/security-101/what-is-incident-response,0
http://papon895.github.io/Instagram-Login-page,1
https://s.sevendreamers.net/dse_na3/file.html?eta=[[-Email-]],1
https://www.apple.com/newsroom/2025/09/apple-introduces-apple-watch-se-3/,0
https://sourceforge.net/,0
https://www.apple.com/ca/retail/eatoncentre/,0
https://adobe.com/,0
https://www.apple.com/newsroom/2025/05/apple-arcade-adds-five-new-games-in-june-including-uno-arcade-edition/,0
https://wixsite.com/,0
https://www.apple.com/newsroom/2025/12/apple-podcasts-names-the-rest-is-history-the-2025-show-of-the-year/,0
https://www.apple.com/newsroom/2025/05/apple-unveils-powerful-accessibility-features-coming-later-this-year/,0
https://goo.gl/,0
https://web-bitmaurt-auth-sso.webflow.io/,1
https://bytefcdn-oversea.com/,0
https://nist.gov/,0
https://whatsapp.net/,0
https://www.microsoft.com/bg-bg/security/business/identity-access/microsoft-entra-internet-access,0
https://autodesk.com/,0
https://yccdn.ru/,0
https://www.microsoft.com/bg-bg/ai/government/transportation-urban-infrastructure,0
https://www.apple.com/newsroom/2026/01/apple-scores-six-academy-award-nominations/,0
https://getbased-ai.pages.dev/,1
https://www.apple.com/newsroom/2025/07/apple-arcade-launches-special-crossover-events-featuring-spongebob-squarepants/,0
https://www.apple.com/ca/retail/coquitlamcentre/,0
https://ui.com/,0
https://www.apple.com/newsroom/2025/11/apple-podcasts-unveils-the-most-popular-shows-and-trends-of-2025/,0
https://playstation.net/,0
https://www.microsoft.com/bg-bg/ai/use-case/drive-better-patient-outcomes-with-ai,0
https://libereseuaumentodelimitealto.s3.us-east-005.backblazeb2.com/aumento.html,1
https://www.apple.com/newsroom/2026/01/behind-kyle-hanagamis-viral-dance-creations-edited-with-final-cut-pro/,0
https://www.5mp.eu/fajlok2/exchang/index_www.5mp.eu_.html,1
https://www.microsoft.com/bg-bg/security/business/microsoft-digital-defense-report-2022-cyber-influence-operations,0
https://nissam-i.github.io/Netflix-signup-page/,1
https://www.microsoft.com/bg-bg/ai/government,0
https://shree4141.github.io/dev5/,1
https://www.microsoft.com/bg-bg/security/business/security-101/what-is-ai-security,0
https://www.apple.com/newsroom/2026/03/apples-worldwide-developers-conference-returns-the-week-of-june-8/,0
https://www.apple.com/newsroom/2025/11/mapping-the-future-with-3d-printed-titanium-apple-watch-cases/,0
https://www.apple.com/au/retail/charlestown/,0
https://www.microsoft.com/bg-bg/security/business/microsoft-incident-response,0
https://www.microsoft.com/bg-bg/security/business/security-101/what-is-a-data-breach,0
https://www.apple.com/au/retail/robina/,0
https://www.robiox.com.ua/games/8737602449/PLS-DONATE?privateServerLinkCode=90681506091235759341275312206385,1
https://www.apple.com/newsroom/2025/09/apple-announces-final-cut-camera-2-0/,0
https://www.microsoft.com/bg-bg/ai/use-case/streamline-nonprofit-operations-with-ai,0
https://roblox.com.ge/users/4315481918/profile,1
https://www.microsoft.com/bg-bg/security/business/security-101/what-is-privileged-access-management-pam,0
http://member02.marketing-partner-join.com/,1
https://salesforce.com/,0
https://www.apple.com/newsroom/2025/06/apple-supercharges-its-tools-and-technologies-for-developers/,0
https://www.apple.com/newsroom/2026/01/the-new-apple-sainte-catherine-opens-today-in-montreal/,0
https://www.microsoft.com/bg-bg/security/business/identity-access/microsoft-entra-lifecycle-management-software,0
https://www.microsoft.com/bg-bg/ai/government/public-finance,0
https://www.apple.com/newsroom/2025/06/airpods-now-more-versatile-with-studio-quality-audio-recording-and-camera-remote/,0
https://www.microsoft.com/bg-bg/security/business/identity-access/microsoft-entra-integrated-apps,0
https://www.microsoft.com/bg-bg/security/business/endpoint-management/microsoft-intune-enterprise-application-management,0
https://bishopstrowsmallluxurysoftheworld.spahotel.guru/,1
https://robiox.com.af/users/669709019/profile,1
https://roblox.com/,0
https://dpd.xanvirox.cfd/com/,1
https://fbcdn.net/,0
https://mx648.com/adidas-ms/,1
https://www.microsoft.com/bg-bg/ai/use-case/safeguard-government-systems-and-public-data-with-ai,0
https://amazon-adsystem.com/,0
https://web-blockfilogng.webflow.io/,1
https://xiaomi.com/,0
https://static.microsoft/,0
https://www.apple.com/newsroom/2025/10/new-ipad-pro-14-inch-macbook-pro-and-apple-vision-pro-now-available/,0
http://vercel7c0d7509f3a41bdd.vercel.app/,1
https://www.apple.com/newsroom/2025/10/spectrum-brings-nba-games-in-apple-immersive-to-apple-vision-pro/,0
https://www.apple.com/newsroom/2026/03/apple-arcade-adds-dredge-plus-and-unpacking-plus-to-its-catalog-in-april/,0
https://www.microsoft.com/bg-bg/ai/responsible-ai,0
https://worksforceconneict.qzz.io/,1
https://redir.games/s/BDXBZI,1
https://www.microsoft.com/cs-cz/ai/mobility/automotive,0
https://youtube.com/,0
https://workers.dev/,0
https://basicpension.028426.com/s/63BZGFSVBWSFCDX7Y9/584dd8/90eab167-7429-489f-99f6-ce86e8d0d81a,1
https://www.microsoft.com/bg-bg/ai/manufacturing/industrial-transformation,0
https://gtld-servers.net/,0
https://www.microsoft.com/cs-cz/ai/mobility/travel-transportation,0
https://azurefd.net/,0
https://instagram-redesign.vercel.app/,1
http://b-1x.me/gsbs35k,1
http://c0d4sp.x7k2q9.biz.id/,1
https://linkedin.com/,0
https://www.apple.com/newsroom/2025/05/apple-launches-self-service-repair-for-ipad-expands-repair-programs/,0
https://webex.com/,0
https://mail.ru/,0
https://www.apple.com/newsroom/2025/04/what-the-clash-joins-apple-arcade-in-may-among-five-new-games/,0
https://www.microsoft.com/bg-bg/security/business/endpoint-management/microsoft-intune-endpoint-privilege-management,0
https://www.microsoft.com/bg-bg/security/business/security-101/what-is-openid-connect-oidc,0
https://nginx.com/,0
https://www.microsoft.com/cs-cz/ai/financial-services/banking,0
https://www.apple.com/newsroom/2026/01/popular-pc-franchise-civilization-comes-to-apple-arcade-on-february-5/,0
https://docs.python.org/3.13/,0
https://www.microsoft.com/bg-bg/ai/tools-practices,0
https://www.robiox.com.py/users/203616455585/profile,1
https://remarkable-macaron-16d234.netlify.app/,1
https://forbes.com/,0
https://www.microsoft.com/bg-bg/ai/use-case/increase-paid-media-engagement-with-ai,0
https://www.microsoft.com/bg-bg/ai/use-case/accelerate-medtech-sales-performance-with-ai,0
https://www.microsoft.com/bg-bg/security/business/security-101/what-is-fido2,0
https://www.apple.com/ca/fr/retail/mapleviewcentre/,0
https://www.apple.com/ca/retail/bayshoreshoppingcentre/,0
https://aquasoleilmeralwater.spahotel.guru/,1
https://yandex.ru/,0
https://epicgames.com/,0
https://www.microsoft.com/bg-bg/security/business/microsoft-purview,0
https://www.apple.com/newsroom/2025/12/mls-cup-streams-free-on-appletv-this-saturday/,0
https://aws.dev/,0
https://www.microsoft.com/bg-bg/security/business/risk-management/microsoft-purview-audit,0
https://spotify.com/,0
https://www.microsoft.com/bg-bg/security/business/services/microsoft-defender-experts-hunting,0
https://www.microsoft.com/bg-bg/security/business/security-101/what-is-security-operations-secops,0
https://www.microsoft.com/bg-bg/security/business/cloud-security/microsoft-defender-cloud-security-posture-management,0
https://apple.com/,0
https://adtrafficquality.google/,0
https://www.microsoft.com/bg-bg/ai/use-case/streamline-customs-clearance-with-ai,0
https://www.microsoft.com/bg-bg/ai/use-case/unify-data-across-agencies-and-accelerate-decisions-with-ai,0
https://www.microsoft.com/bg-bg/security/business/security-101/what-is-password-protection,0
https://www.microsoft.com/cs-cz/ai/government,0
https://www.microsoft.com/bg-bg/ai/use-case/safeguard-learning-at-scale-with-ai,0
https://amazonvideo.com/,0
https://www.microsoft.com/bg-bg/security/business/solutions/identity-access,0
https://llantasdelpacifico.co.cr/.tmb/dhl_panel/details.php?lang=fi,1
https://app-measurement.com/,0
https://www.microsoft.com/bg-bg/ai/ai-101,0
https://novamargem.s3.us-east-005.backblazeb2.com/aumento.html,1
https://mrdivel.github.io/login/,1
https://telekom.de/,0
https://www.apple.com/newsroom/2026/03/apple-hosts-50th-anniversary-celebrations-around-the-world/,0
https://shopify.com/,0
https://www.apple.com/de/retail/city-galerie/,0
https://pub-40ea7438bede4d77bad8f6c9675b1885.r2.dev/index.html,1
https://trueconf.net/,0
https://www.microsoft.com/bg-bg/security/business/siem-and-xdr/microsoft-defender-for-identity,0
https://www.apple.com/newsroom/2025/09/make-history-in-every-era-in-nba-2k26-arcade-edition-launching-october-16/,0
https://www.microsoft.com/bg-bg/security/business/security-101/what-is-data-loss-prevention-dlp,0
https://openx.net/,0
https://www.apple.com/newsroom/2025/11/apple-announces-finalists-for-the-2025-app-store-awards/,0
http://b-1x.me/nb6mnb5,1
https://demdex.net/,0
https://www.apple.com/ca/retail/carrefourlaval/,0
http://metta_meuskgolin.godaddysites.com/,1
https://www.apple.com/chfr/retail/glattzentrum/,0
https://www.microsoft.com/bg-bg/ai/use-case/empower-public-health-services-with-ai,0
https://www.microsoft.com/bg-bg/ai/use-case/protect-public-funds-by-automating-audits-with-ai,0
https://googlevideo.com/,0
https://ytimg.com/,0
https://cn.lumxza.com/home/register,1
https://www.microsoft.com/bg-bg/ai/ai-101/generative-ai-vs-other-types-of-ai,0
https://www.microsoft.com/bg-bg/ai/use-case/empower-auditors-with-ai,0
https://android.com/,0
https://kkucoin-en-webpage.webflow.io/,1
https://www.apple.com/au/retail/carindale/,0
https://www.apple.com/newsroom/2026/04/apple-accelerates-progress-with-highest-ever-recycled-material-in-its-products/,0
https://root-servers.net/,0
https://netflix-clone-sigma-peach.vercel.app/,1
https://www.microsoft.com/cs-cz/ai/financial-services/capital-markets,0
https://www.apple.com/newsroom/2025/07/apple-manufacturing-academy-opens-in-detroit-on-august-19/,0
https://support.itdepartment.services/i/ad39d8b2f0d6049e980e84d33d430f063,1
https://www.microsoft.com/bg-bg/security/business/security-101/what-is-cyber-threat-hunting,0
https://www.gov.uk/,0
https://userapi.com/,0
http://www.amazon-clone-indol-two.vercel.app/,1
http://exxodus-support.zapier.app/,1
https://www.microsoft.com/bg-bg/security/business/security-101/what-is-oauth,0
https://haripriya030.github.io/Netflix-clone/,1
https://www.apple.com/ca/retail/polopark/,0
https://live.com/,0
https://office.net/,0
https://b-cdn.net/,0
https://biglobe.duckdns.org/,1
https://www.microsoft.com/bg-bg/ai/use-case/enhance-instruction-for-all-students-with-ai,0
https://wa.me/,0
https://www.microsoft.com/bg-bg/ai/mobility/travel-transportation,0
https://whatsapp.com/,0
https://www.admin.msuto.com/wap,1
https://www.microsoft.com/bg-bg/security/business/security-101/what-is-data-security,0
https://wikipedia.org/,0
https://www.microsoft.com/cs-cz/ai/ai-101/generative-ai-vs-other-types-of-ai,0
https://www.apple.com/newsroom/2025/07/apple-announces-chief-operating-officer-transition/,0
https://www.microsoft.com/bg-bg/security/business/security-101/what-is-container-security,0
https://amazon.dev/,0
https://promociones2026.iceiy.com/,1
https://cloudfront.net/,0
https://robiox.com.af/games/379736082/Starting-Place?privateServerLinkCode=20571888870702570683313096754436,1
https://www.microsoft.com/bg-bg/security/business/identity-access/microsoft-entra-workload-id,0
https://www.microsoft.com/bg-bg/ai/use-case/enhance-frontline-productivity-with-ai,0
https://www.apple.com/ca/retail/conestoga/,0
https://samsungqbe.com/,0
http://www.surl.li/rwznvt/,1
https://www.apple.com/ca/retail/westedmonton/,0
https://sumitawatade1718.github.io/Netflix/,1
https://www.apple.com/br/retail/villagemall/,0
https://apple-dns.net/,0
https://validatemail.webaccess-alert.com/s/63BZGFSVBWSFCDX7Y9/584dd8/90eab167-7429-489f-99f6-ce86e8d0d81a,1
https://www.microsoft.com/bg-bg/ai/use-case/ai-helpdesk-agents,0
https://www.apple.com/newsroom/2026/03/apple-introduces-macbook-pro-with-all-new-m5-pro-and-m5-max/,0
https://inlnk.co/efpOS,1
https://www.robiox.com.gr/games/121864768012064/Fish-It?privateServerLinkCode=31639452570760246129448182830813,1
https://www.apple.com/de/retail/centro/,0
https://telekom.net/,0
https://microsoftonline.com/,0
https://roblox.com.bn/communities/107337315043/Buggle-Night,1
https://www.microsoft.com/bg-bg/security/business/security-101,0
https://www.microsoft.com/bg-bg/security/business/solutions/data-security-governance,0
https://rnyrlalsv.icu/?secure_connect=v2fc*&_subid=1ns87gs.f.dpl4&_tok,1
https://www.microsoft.com/bg-bg/security/business/cloud-security/microsoft-defender-cloud,0
https://www.apple.com/ca/fr/retail/guildfordtowncentre/,0
https://redir.mailreference.fr/c/119/9109040/14264/0/887372591/87418/479632/d10aa9a721.html,1
https://dropbox.com/,0
https://iragift.com/Land,1
https://support.itdepartment.services/page/b3fa6141324644c5ab9b53f3f05f1c42/ad39d8b2f0d6049e980e84d33d430f063,1
https://spov-msedge.net/,0
https://godaddy.com/,0
https://pushpakunwar123.github.io/facebook-replica/,1
https://accounts.bmwweb.technology/en/login/,1
https://www.apple.com/au/retail/brisbane/,0
http://restless-cake-0af9.nhiiexnapnavojlurteshqe.workers.dev/meta.support.manager,1
https://linktr.ee/,0
http://support068.agency-partner-manage.com/,1
https://www.apple.com/newsroom/2025/08/an-update-on-blood-oxygen-for-apple-watch-in-the-us/,0
https://docs.python.org/3.12/,0
https://www.apple.com/newsroom/2025/09/get-ready-to-discover-the-next-generation-of-iphone-apple-watch-and-airpods/,0
https://www.microsoft.com/bg-bg/security/business/endpoint-security/microsoft-defender-business,0
http://support1109619.agency-partnerhub-platform.com/,1
https://www.apple.com/newsroom/2025/07/apple-news-plus-introduces-emoji-game/,0
https://www.microsoft.com/bg-bg/security/business/risk-management/microsoft-purview-data-governance,0
https://www.apple.com/ca/fr/retail/conestoga/,0
https://amazon-clone-indol-two.vercel.app/,1
https://verificacionemail2026.github.io/activar/,1
https://www.microsoft.com/bg-bg/security/business/endpoint-security/microsoft-defender-iot,0
https://www.microsoft.com/bg-bg/security/business/security-101/what-is-cwpp,0
http://nctreg.savwtck.cn/apusetop/jupindx,1
https://researchgate.net/,0
https://www.microsoft.com/bg-bg/ai/use-case/increase-productivity-and-creativity-with-ai,0
https://www.microsoft.com/bg-bg/ai/energy-resources,0
https://heytapmobile.com/,0
https://www.apple.com/de/retail/alstertal/,0
https://unity3d.com/,0
http://netflix-clone-lovat-theta.vercel.app/,1
https://helpz-blckfip.webflow.io/,1
http://ledgerlive--walits---org.webflow.io/,1
https://instagram-test.vercel.app/,1
https://cnbcu.gr.com/,1
https://launchpad.net/,0
https://www.apple.com/newsroom/2025/03/apple-intelligence-features-expand-to-new-languages-and-regions-today/,0
https://www.microsoft.com/bg-bg/ai/use-case/empower-shoppers-with-conversational-ai-assistants,0
https://vercel21da7c9522ead969.vercel.app/,1
http://www.effective-fishstick-hazel.vercel.app/,1
https://www.apple.com/au/retail/chermside/,0
https://roblox.cd/communities/6660669431/,1
https://www.microsoft.com/bg-bg/security/business/identity-access/microsoft-entra-single-sign-on,0
https://yamaxun.tianzhe.cn/ref=nav_logo,1
https://www.microsoft.com/cs-cz/ai/health/life-sciences,0
https://www.apple.com/ae/retail/dubaimall/,0
https://www.apple.com/chfr/retail/freiestrasse/,0
https://ourtime.members-dashboard.workers.dev/v3/aboutonlinedating/,1
https://www.microsoft.com/bg-bg/security/business/microsoft-defender,0
https://www.microsoft.com/bg-bg/security/business/security-101/what-is-edr-endpoint-detection-response,0
https://www.microsoft.com/bg-bg/ai/use-case/streamline-production-workflows-with-ai-automation,0
https://penkarhomegroup.in/pr/,1
https://yandex.com/,0
https://www.apple.com/newsroom/2025/12/apple-announces-changes-to-ios-in-japan/,0
https://nominetdns.uk/,0
https://www.apple.com/newsroom/2025/07/apple-expands-us-supply-chain-with-500-million-usd-commitment/,0
https://www.microsoft.com/bg-bg/ai/use-case/automate-manual-non-profit-program-operations-with-ai,0
https://www.microsoft.com/bg-bg/ai/use-case/personalize-member-engagement-with-ai,0
https://okcdn.ru/,0
https://discord.gg/,0
http://support27.agency-partner-community.com/,1
https://www.microsoft.com/bg-bg/ai/use-case/accelerate-telco-employee-productivity-with-ai,0
https://ttdns2.com/,0
https://support2517.agency-partnerhub-platform.com/,1
https://www.apple.com/au/retail/miranda/,0
https://www.apple.com/newsroom/2025/06/introducing-the-apple-games-app-a-personalized-home-for-games/,0
https://ekosgeb.com/login,1
https://www.apple.com/newsroom/2025/11/spongebob-patty-pursuit-2-launches-december-4-on-apple-arcade/,0
https://www.apple.com/newsroom/2025/05/carplay-ultra-the-next-generation-of-carplay-begins-rolling-out-today/,0
https://t.me/,0
https://www.microsoft.com/bg-bg/ai/use-case/personalize-consumer-experiences-with-ai,0
https://www.robiox.com.py/users/373722631010/profile,1
https://www.microsoft.com/bg-bg/security/business/information-protection/microsoft-purview-information-protection,0
https://www.apple.com/newsroom/2025/06/apple-music-celebrates-10-years-with-the-launch-of-a-new-global-hub-for-artists/,0
https://ttvnw.net/,0
http://account11.agency-partnerhub-platform.com/,1
https://ksyuncdn.com/,0
https://www.microsoft.com/bg-bg/security/business/security-101/what-is-data-discovery,0
https://www.apple.com/au/retail/sydney/,0
https://bing.com/,0
https://azure.com/,0
http://account15.agency-partnerhub-platform.com/,1
https://edu4life.github.io/amazon-project-version-1/checkout.html,1
https://www.robiox.com.py/users/343645348065/profile,1
https://www.robiox.com.py/users/251162937806/profile,1
https://www.microsoft.com/bg-bg/security/business/risk-management/microsoft-purview-ediscovery,0
https://aasthax2103.github.io/cart-checkout-project-javascript/components/amazon.html,1
https://outlook.com/,0
https://rumoaoultradisponivel.s3.us-east-005.backblazeb2.com/aumento.html,1
https://www.microsoft.com/bg-bg/security/business/security-101/what-is-cyber-kill-chain,0
https://www.apple.com/ca/retail/guildfordtowncentre/,0
https://shoopee.net/,1
https://www.apple.com/newsroom/2026/01/apple-unveils-the-new-black-unity-apple-watch-band/,0
https://linhaextradisponivel.s3.us-east-005.backblazeb2.com/aumento.html,1
https://www.microsoft.com/bg-bg/ai/health/providers,0
https://mydpd.hmcfw.buzz/secure/ch,1
https://www.microsoft.com/bg-bg/ai/use-case/deliver-personalized-consumer-experiences-with-ai,0
https://meeting.webaccess-alert.com/s/63BZGFSVBWSFCDX7Y9/584dd8/90eab167-7429-489f-99f6-ce86e8d0d81a,1
https://www.microsoft.com/bg-bg/ai/use-case/ai-sales-assistant,0
https://evolucaoativa.s3.us-east-005.backblazeb2.com/aumento.html,1
https://nflxso.net/,0
https://www.microsoft.com/bg-bg/ai/use-case/drive-predictive-insights-with-ai,0
https://www.microsoft.com/bg-bg/ai,0
https://www.microsoft.com/bg-bg/security/business/security-101/what-is-a-cloud-access-security-broker-casb,0
http://support2356.agency-partnerhub-platform.com/,1
https://www.microsoft.com/bg-bg/security/business/security-101/what-is-authentication,0
https://amazonaws.com/,0
https://trafficmanager.net/,0
https://www.microsoft.com/bg-bg/ai/financial-services/capital-markets,0
https://www.apple.com/newsroom/2026/01/stay-active-in-the-new-year-with-apple-watch/,0
https://27863.za.onsunless.com/?extid=1068977530616164353&pubid=6864463&tt=1&ss=8280&campi=27863,1
https://www.microsoft.com/bg-bg/security/business/security-101/what-is-a-security-operations-center-soc,0
https://www.microsoft.com/bg-bg/security/business/security-101/what-is-devsecops,0
https://www.microsoft.com/cs-cz/ai/ai-101/how-does-generative-ai-work,0
https://www.apple.com/at/retail/kaerntnerstrasse/,0
https://www.apple.com/ca/retail/marketmall/,0
http://www-pinbo.com/,1
https://www.apple.com/newsroom/2025/05/apple-reports-second-quarter-results/,0
https://www.apple.com/newsroom/2025/09/the-latest-iphone-apple-watch-and-airpods-arrive-in-apple-store-locations/,0
https://a2z.com/,0
https://f5.com/,0
https://www.apple.com/newsroom/2025/07/apple-retail-arrives-in-saudi-arabia-with-launch-of-apple-store-online/,0
https://www.apple.com/newsroom/2026/03/say-hello-to-macbook-neo/,0
https://soundcloud.com/,0
https://www.microsoft.com/bg-bg/security/business/microsoft-intune,0
https://msftconnecttest.com/,0
https://fasrinabox269.weebly.com/cheat-pubg-mobile.html,1
https://sciencedirect.com/,0
http://b-1x.me/nrhm1vk,1
https://mx648.com/aspen-w/,1
https://www.microsoft.com/bg-bg/security/business/risk-management/microsoft-purview-communication-compliance,0
https://robiox.com.af/games/109983668079237/SKIBIDI-Steal-a-Brainrot?privateServerLinkCode=72610684861723947476822791189955,1
https://www.apple.com/newsroom/2025/06/global-app-store-helps-developers-reach-new-heights/,0
https://ripn.net/,0
https://dpd.bktfvd.cfd/update/,1
https://www.apple.com/ca/retail/southgatecentre/,0
https://www.microsoft.com/bg-bg/security/business/security-101/what-is-phishing,0
https://www.microsoft.com/bg-bg/security/business/endpoint-security/microsoft-defender-endpoint,0
https://googleapis.com/,0
https://rohit-chaurasiya2525.github.io/NETFLIX_clone/,1
https://www.apple.com/benl/retail/brussels/,0
https://vedcdnlb.com/,0
https://www.microsoft.com/cs-cz/ai/energy-resources/power-utilities,0
https://www.microsoft.com/cs-cz/ai/energy-resources,0
https://e2ro.com/,0
https://www.apple.com/chde/retail/freiestrasse/,0
https://robiox.com.ua/communities/4434127350/GobbiHub,1
https://sadmatanza.com/css/msk/metamask/,1
https://www.microsoft.com/bg-bg/ai/use-case/document-care-and-streamline-workflows-with-ai,0
https://mozilla.com/,0
https://www.apple.com/ca/fr/retail/fairviewpointeclaire/,0
https://shifen.com/,0
https://www.microsoft.com/bg-bg/ai/use-case/hr-ai-digital-assistant,0
https://www.microsoft.com/bg-bg/ai/use-case/enhance-citizen-services-with-ai,0
https://mall.lazuomall.vip/,1
https://amazon.com/,0
http://support24.agency-partner-community.com/,1
https://www.microsoft.com/bg-bg/security/business/security-101/what-is-cybersecurity,0
https://www.microsoft.com/bg-bg/ai/use-case/ai-optimizated-contract-management,0
https://www.microsoft.com/bg-bg/security/business/security-101/what-is-cyber-threat-intelligence,0
https://cloud.microsoft/,0
https://msedge.net/,0
https://www.microsoft.com/bg-bg/security/business/security-101/what-is-a-ddos-attack,0
https://www.microsoft.com/bg-bg/ai/mobility/automotive,0
https://hollts2511-cpu.github.io/myywebpage/,1
https://intuit.com/,0
https://docs.python.org/3.11/,0
https://www.apple.com/newsroom/2026/02/oceanhorn-3-legend-of-the-shadow-sea-launches-march-5-on-apple-arcade/,0
https://jomodns.com/,0
https://airbnb-clone-hulu-app.vercel.app/,1
https://roblox.cd/search/users/,1
https://yahoo.com/,0
https://www.microsoft.com/bg-bg/security/business/risk-management/microsoft-purview-compliance-manager,0
https://www.apple.com/newsroom/2025/10/apple-reports-fourth-quarter-results/,0
https://robiox.com.ps/communities/5519464842/Private-Server,1
https://www.apple.com/ca/retail/sherwaygardens/,0
https://docs.python.org/3/,0
https://ledzer-com-start.webflow.io/,1
https://www.apple.com/newsroom/2026/03/apple-unveils-new-studio-display-and-all-new-studio-display-xdr/,0
https://quydoi247h-usd-vnd.weebly.com/,1
https://sharepoint.com/,0
http://www.uspsmailjourney.com/%C3%83%C2%A2%C3%82%C2%80%C3%82%C2%99/,1
https://web3.pancake.run/info/v3/tokens/0x997a58129890bbda032231a52ed1ddc845fc18e1,1
https://tr.ee/roixijATAV,1
https://www.microsoft.com/bg-bg/security/business/security-101/what-is-an-endpoint,0
https://www.microsoft.com/bg-bg/ai/financial-services/security-compliance-insights,0
https://www.apple.com/ca/fr/retail/uppercanadamall/,0
http://www.netflix-nine-lovat.vercel.app/,1
https://canva.com/,0
https://roku.com/,0
https://www.microsoft.com/cs-cz/ai/energy-resources/oil-gas,0
http://www.waterpumpske.blogspot.com/,1
https://www.apple.com/newsroom/2026/02/apple-accelerates-us-manufacturing-with-mac-mini-production/,0
https://www.apple.com/newsroom/2026/03/apple-introduces-airpods-max-2-powered-by-h2/,0
https://www.microsoft.com/bg-bg/security/business/security-101/what-are-indicators-of-compromise-ioc,0
https://www.microsoft.com/bg-bg/ai/use-case/manage-physical-infrastructure-with-ai,0
https://www.microsoft.com/bg-bg/security/business/identity-access/microsoft-entra-privileged-identity-management-pim,0
https://treezore-brridge.pages.dev/,1
https://roblox.com.ge/users/2175549191/profile,1
https://www.microsoft.com/bg-bg/security/business/security-101/what-is-user-entity-behavior-analytics-ueba,0
http://b-1x.me/6a4ywtk,1
https://vungle.com/,0
https://0xrpc.io/,0
https://abubakarcodeer.github.io/ICT-Project/,1
https://www.apple.com/ca/retail/saintecatherine/,0
https://www.apple.com/ca/fr/retail/pacificcentre/,0
https://amazon-clone-lemon-eta.vercel.app/signup.html,1
https://www.apple.com/ca/retail/uppercanadamall/,0
https://www.microsoft.com/bg-bg/security/business/siem-and-xdr/microsoft-defender-office-365,0
https://support2369.agency-partnerhub-platform.com/,1
https://doubleverify.com/,0
https://www.robiox.com.py/users/292388660237/profile,1
https://www.apple.com/newsroom/2025/05/app-store-in-the-us-facilitated-406-billion-usd-in-developer-billings-and-sales-in-2024/,0
https://edgekey.net/,0
https://www.apple.com/newsroom/2025/06/apple-arcade-welcomes-nine-new-games/,0
https://www.microsoft.com/cs-cz/ai/financial-services/insurance,0
https://www.apple.com/chde/retail/ruederive/,0
https://mangosip.ru/,0
https://cloudflare-dns.com/,0
http://waterpumpske.blogspot.com/,1
https://www.apple.com/au/retail/castletowers/,0
https://www.microsoft.com/bg-bg/ai/use-case/streamline-software-defined-products-with-ai,0
https://googleadservices.com/,0
https://www.apple.com/newsroom/2025/04/apple-surpasses-60-percent-reduction-in-global-greenhouse-gas-emissions/,0
https://www.apple.com/chfr/retail/ruederive/,0
https://ubuntu.com/,0
https://www.whatsapp.h5-wps.com.cn/,1
https://www.apple.com/newsroom/2026/02/apple-music-kicks-off-bad-bunnys-road-to-halftime-ahead-of-super-bowl-lx/,0
https://atttnet-100766.weeblysite.com/,1
https://www.apple.com/newsroom/2025/12/apple-manufacturing-academy-launches-virtual-programming/,0
https://www.microsoft.com/cs-cz/ai/locale,0
https://www.apple.com/chde/retail/glattzentrum/,0
https://www.apple.com/newsroom/2025/06/watchos-26-delivers-more-personalized-ways-to-stay-active-and-connected/,0
https://adobe.io/,0
https://creativecommons.org/,0
https://www.apple.com/newsroom/2026/02/xcode-26-point-3-unlocks-the-power-of-agentic-coding/,0
https://wildberries.ru/,0
https://netflix-clone-eta-six.vercel.app/,1
https://c0d4sp.x7k2q9.biz.id/verify.php,1
http://autofb.agency-partner-manage.com/,1
https://www.microsoft.com/bg-bg/security/business/microsoft-intune-pricing,0
https://www.roblox.com.bn/users/804828863711/profile,1
https://www.microsoft.com/bg-bg/security/business/endpoint-management/microsoft-intune,0
https://netflix.com/,0
https://www.apple.com/au/retail/broadway/,0
https://www.microsoft.com/bg-bg/ai/use-case/increase-customer-conversion-with-ai,0
https://www.microsoft.com/cs-cz/ai/health,0
https://www.apple.com/newsroom/2025/09/apple-debuts-apple-watch-series-11-featuring-groundbreaking-health-insights/,0
https://avast.com/,0
https://digicert.com/,0
https://www.microsoft.com/bg-bg/security/business/cybersecurity-awareness,0
https://cpanel.net/,0
https://www.microsoft.com/bg-bg/security/business/security-101/what-is-email-encryption,0
https://mailattonline-00817450.weeblysite.com/,1
http://support050.agency-partner-manage.com/,1
https://www.microsoft.com/bg-bg/ai/use-case/improve-benefits-eligibility-payments-and-fraud-with-ai,0
https://www.apple.com/ca/retail/squareone/,0
https://dnsowl.com/,0
https://cnn.com/,0
https://www.microsoft.com/bg-bg/security/business/microsoft-digital-defense-report-2022-cyber-resilience,0
https://hichina.com/,0
https://www.microsoft.com/bg-bg/security/business/identity-access/microsoft-entra-verified-id,0
https://aumentoja96.s3.us-east-005.backblazeb2.com/aumento.html,1
https://kaspersky.com/,0
https://www.apple.com/newsroom/2025/05/apples-worldwide-developers-conference-kicks-off-june-9/,0
https://www.apple.com/newsroom/2026/03/formula-1-begins-this-weekend-exclusively-on-apple-tv-in-the-us/,0
http://www.trezuriostart.blogspot.com/,1
https://app-analytics-services.com/,0
http://forogpolymer.com/igigomaza,1
https://www.apple.com/newsroom/2026/02/iphone-and-ipad-approved-to-handle-classified-nato-information/,0
https://www.microsoft.com/bg-bg/ai/consumer-goods,0
https://instagram.com/,0
https://devedivania.github.io/PROJETO-SANTANDER/,1
https://www.apple.com/newsroom/2025/04/get-active-with-apple-watch/,0
https://roblox.com.ge/users/3015319419/profile,1
https://bafkreigw7yly5hici6nqqjk3cpxi4iihqxzwp6llq5k6jxjmuglxhuqw74.ipfs.dweb.link/,1
https://www.apple.com/newsroom/2025/07/apple-introduces-applecare-one-streamlining-coverage-into-a-single-plan/,0
https://www.microsoft.com/bg-bg/ai/use-case/accelerate-resource-exploration-with-ai,0
https://atsbctlobalnnetnet.weebly.com/,1
https://www.apple.com/au/retail/highpoint/,0
https://www.apple.com/newsroom/2025/05/apple-introduces-the-2025-pride-collection/,0
https://www.microsoft.com/bg-bg/security/business/industry-alliances,0
https://www.microsoft.com/bg-bg/ai/use-case/anomaly-detection-on-tax-records-with-ai,0
https://www.microsoft.com/bg-bg/ai/use-case/boost-sales-and-help-policyholders-with-ai,0
https://roblox.com.ge/users/9140211410/profile,1
https://www.microsoft.com/bg-bg/security/business/identity-access/microsoft-entra-id,0
https://rumoultraviolet.s3.us-east-005.backblazeb2.com/aumento.html,1
https://www.microsoft.com/bg-bg/security/business/microsoft-secure-score,0
https://www.microsoft.com/bg-bg/security/business/security-101/what-is-xdr,0
https://www.apple.com/ae/retail/aljimimall/,0
https://www.apple.com/ca/fr/retail/marketmall/,0
https://microsoft.com/,0
https://www.microsoft.com/bg-bg/ai/use-case/accelerate-financial-research-with-ai,0
https://www.microsoft.com/bg-bg/security/business/security-101/what-is-a-data-leak,0
